0,Doctor Strange in the Multiverse of Madness,Action,Adventure,Fantasy
2,Last Night in Soho,Drama,Horror,Mystery
3,NOPE,Horror,Mystery,Sci-Fi
5,Men,Drama,Fantasy,Horror
6,Crimes of the Future,Drama,Horror,Sci-Fi
7,Morbius,Action,Adventure,Horror
8,Hocus Pocus 2,Comedy,Family,Fantasy
9,Watcher,Drama,Horror,Thriller
11,The Mist,Horror,Sci-Fi,Thriller
12,Hellboy,Action,Adventure,Fantasy
13,Midsommar,Drama,Horror,Mystery
14,Old,Drama,Horror,Mystery
15,Mad God,Animation,Fantasy,Horror
16,Scream,Horror,Mystery,Thriller
17,American Psycho,Crime,Drama,Horror
18,Hocus Pocus,Comedy,Family,Fantasy
20,Spree,Action,Comedy,Crime
21,Resident Evil: Welcome to Raccoon City,Action,Horror,Sci-Fi
22,Overlord,Action,Horror,Sci-Fi
23,The Mortal Instruments: City of Bones,Action,Adventure,Fantasy
25,It Chapter Two,Drama,Fantasy,Horror
26,The Thing,Horror,Mystery,Sci-Fi
27,Get Out,Horror,Mystery,Thriller
29,The Munsters,Comedy,Family,Fantasy
32,Fresh,Comedy,Horror,Thriller
34,Hereditary,Drama,Horror,Mystery
35,Prey,Action,Drama,Horror
38,Fear Street: 1994,Drama,Horror,Mystery
40,Sweeney Todd: The Demon Barber of Fleet Street,Drama,Horror,Musical
41,The VVitch: A New-England Folktale,Drama,Fantasy,History
42,Fear Street: 1978,Drama,Horror,Mystery
43,Vampires,Action,Horror,Thriller
44,Constantine,Action,Fantasy,Horror
47,Sinister,Horror,Mystery,Thriller
48,A Quiet Place Part II,Drama,Horror,Sci-Fi
49,Beast,Adventure,Drama,Horror
0,Spiral: From the Book of Saw,Crime,Horror,Mystery
1,The Return of the Living Dead,Comedy,Horror,Sci-Fi
2,The Conjuring,Horror,Mystery,Thriller
4,Predator,Action,Adventure,Horror
5,Mother!,Drama,Horror,Mystery
6,Firestarter,Drama,Horror,Sci-Fi
7,Annihilation,Adventure,Drama,Horror
8,Us,Horror,Mystery,Thriller
10,Scream 6,Horror,Mystery,Thriller
11,The Mummy,Action,Adventure,Fantasy
12,A Quiet Place,Drama,Horror,Sci-Fi
13,Alien: Covenant,Horror,Sci-Fi,Thriller
14,Jaws 2,Adventure,Horror,Thriller
18,The Hunt,Action,Horror,Thriller
20,The Lighthouse,Drama,Fantasy,Horror
21,From Dusk Till Dawn,Action,Crime,Horror
23,Hellboy,Action,Adventure,Fantasy
25,Brightburn,Drama,Horror,Mystery
26,Orphan,Horror,Mystery,Thriller
27,Psycho,Horror,Mystery,Thriller
28,What Ever Happened to Baby Jane?,Drama,Horror,Thriller
29,Doctor Sleep,Drama,Fantasy,Horror
30,It Follows,Horror,Mystery,Thriller
31,The New Mutants,Action,Horror,Mystery
32,The Killing of a Sacred Deer,Drama,Horror,Mystery
33,Dracula,Drama,Fantasy,Horror
34,Lamb,Drama,Fantasy,Horror
36,Texas Chainsaw Massacre,Crime,Horror,Thriller
37,Ready or Not,Action,Comedy,Horror
38,Srpski film,Horror,Mystery,Thriller
39,De uskyldige,Drama,Fantasy,Horror
40,Bodies Bodies Bodies,Comedy,Horror,Thriller
41,Vivarium,Horror,Mystery,Sci-Fi
42,Titane,Drama,Horror,Sci-Fi
45,The Night House,Horror,Mystery,Thriller
46,The Crow,Action,Crime,Drama
47,Suspiria,Drama,Fantasy,Horror
48,La tua presenza nuda!,Crime,Drama,Horror
49,28 Days Later...,Drama,Horror,Sci-Fi
0,Orphan: First Kill,Crime,Drama,Horror
3,Malignant,Crime,Horror,Mystery
5,Resurrection,Crime,Drama,Horror
7,Insidious,Horror,Mystery,Thriller
8,Interview with the Vampire: The Vampire Chronicles,Drama,Fantasy,Horror
12,El hoyo,Horror,Sci-Fi,Thriller
13,Blair Witch,Horror,Mystery,Thriller
14,World War Z,Action,Adventure,Horror
15,The Invisible Man,Drama,Horror,Mystery
17,Saw,Horror,Mystery,Thriller
18,Under the Skin,Drama,Horror,Mystery
19,The Cabin in the Woods,Horror,Mystery,Thriller
21,10 Cloverfield Lane,Drama,Horror,Mystery
22,The Rocky Horror Picture Show,Comedy,Horror,Musical
23,The Rental,Drama,Horror,Mystery
24,Army of the Dead,Action,Crime,Horror
25,Jeepers Creepers: Reborn,Horror,Mystery,Thriller
28,Life,Horror,Sci-Fi,Thriller
32,The Fly,Drama,Horror,Sci-Fi
34,The Visit,Horror,Mystery,Thriller
35,Busanhaeng,Action,Horror,Thriller
39,Hotel Transylvania: Transformania,Animation,Adventure,Comedy
40,Dark Shadows,Comedy,Fantasy,Horror
42,Sleepy Hollow,Fantasy,Horror,Mystery
45,Zombieland,Action,Comedy,Horror
46,Don't Breathe,Crime,Horror,Thriller
49,Friday the 13th,Horror,Mystery,Thriller
0,The Others,Horror,Mystery,Thriller
2,Don't Breathe 2,Action,Crime,Horror
3,Jaws 3-D,Adventure,Horror,Thriller
4,Antlers,Drama,Horror,Mystery
5,Resident Evil,Action,Horror,Sci-Fi
6,The Meg,Action,Horror,Sci-Fi
7,Blade,Action,Horror,Sci-Fi
8,Ghostland,Drama,Horror,Mystery
9,Gokseong,Drama,Horror,Mystery
10,Event Horizon,Horror,Sci-Fi,Thriller
13,The Conjuring: The Devil Made Me Do It,Horror,Mystery,Thriller
14,Death Note,Crime,Drama,Fantasy
15,The Descent,Adventure,Horror,Thriller
18,They Live,Action,Horror,Sci-Fi
20,The Craft,Drama,Fantasy,Horror
22,Beetlejuice 2,Comedy,Fantasy,Horror
24,Hollow Man,Action,Horror,Sci-Fi
25,The Dead Don't Die,Comedy,Fantasy,Horror
28,The House That Jack Built,Crime,Drama,Horror
29,Earth vs. the Flying Saucers,Action,Horror,Sci-Fi
30,Choose or Die,Drama,Horror,Thriller
34,Glass,Drama,Horror,Sci-Fi
36,Gremlins,Comedy,Fantasy,Horror
37,Hidden,Horror,Sci-Fi,Thriller
39,Friday the 13th,Horror,Mystery,Thriller
40,Bone Tomahawk,Drama,Horror,Western
41,Ang-ma-reul bo-at-da,Action,Crime,Drama
42,Little Shop of Horrors,Comedy,Horror,Musical
43,Hellboy II: The Golden Army,Action,Adventure,Fantasy
45,The Purge,Horror,Sci-Fi,Thriller
46,Underworld: Blood Wars,Action,Adventure,Fantasy
47,Jaws: The Revenge,Adventure,Horror,Thriller
48,Alien Resurrection,Action,Horror,Sci-Fi
49,Things Heard &amp; Seen,Drama,Horror,Mystery
0,The Thing,Horror,Mystery,Sci-Fi
1,The Empty Man,Horror,Mystery,Thriller
2,The Ritual,Horror,Mystery,Thriller
4,Crimson Peak,Drama,Horror,Mystery
6,Antichrist,Drama,Horror,Thriller
7,Unhinged,Action,Horror,Thriller
10,The Nun,Horror,Mystery,Thriller
11,Eight for Silver,Fantasy,Horror,Mystery
12,The Boy,Horror,Mystery,Thriller
13,Gerald's Game,Drama,Horror,Thriller
14,Cloverfield,Action,Horror,Sci-Fi
15,The Eden Theory,Horror,Sci-Fi,Thriller
16,My Demon Lover,Comedy,Fantasy,Horror
17,Underwater,Action,Horror,Sci-Fi
19,Unhuman,Comedy,Horror,Thriller
20,The Covenant,Action,Adventure,Fantasy
23,Escape Room,Action,Adventure,Horror
26,The Forever Purge,Action,Horror,Thriller
27,Urban Legend,Horror,Mystery,Thriller
28,Alien³,Action,Horror,Sci-Fi
30,Death Becomes Her,Comedy,Fantasy,Horror
31,Climax,Drama,Horror,Music
32,Mandy,Action,Fantasy,Horror
35,Freaky,Comedy,Horror,Thriller
36,The Witches,Adventure,Comedy,Family
37,Marrowbone,Adventure,Drama,Horror
40,The Shallows,Action,Drama,Horror
41,The Cloverfield Paradox,Action,Horror,Sci-Fi
42,Escape Room: Tournament of Champions,Action,Adventure,Horror
43,The Cell,Crime,Horror,Sci-Fi
44,The Invitation,Drama,Horror,Mystery
45,Legion,Action,Fantasy,Horror
46,The Conjuring 2,Horror,Mystery,Thriller
49,Halloween,Crime,Horror,Thriller
0,No One Gets Out Alive,Drama,Horror,Mystery
1,Fantasy Island,Fantasy,Horror,Mystery
3,Day Shift,Action,Comedy,Fantasy
5,Sea Fever,Drama,Horror,Mystery
6,Annabelle,Horror,Mystery,Thriller
7,Willy's Wonderland,Action,Comedy,Horror
10,Studio 666,Comedy,Horror,Music
15,Underworld: Awakening,Action,Fantasy,Horror
16,Eli,Drama,Horror,Mystery
17,Hansel &amp; Gretel: Witch Hunters,Action,Fantasy,Horror
19,Blade: Trinity,Action,Horror,Sci-Fi
20,The Faculty,Horror,Mystery,Sci-Fi
21,Hotel Transylvania,Animation,Adventure,Comedy
23,A Cure for Wellness,Drama,Fantasy,Horror
27,The Birds,Drama,Horror,Mystery
29,1408,Fantasy,Horror,Mystery
30,Scooby-Doo 2: Monsters Unleashed,Adventure,Comedy,Family
31,Velvet Buzzsaw,Horror,Mystery,Thriller
33,Flux Gourmet,Comedy,Drama,Horror
34,Case 39,Horror,Mystery,Thriller
35,Green Room,Crime,Drama,Horror
36,Gwoemul,Action,Drama,Horror
38,Nightbreed,Action,Fantasy,Horror
40,The Frighteners,Comedy,Fantasy,Horror
41,The Addams Family 2,Animation,Adventure,Comedy
43,The Poughkeepsie Tapes,Horror,Mystery,Thriller
44,Violent Night,Action,Comedy,Crime
46,Anaconda,Action,Adventure,Horror
47,Haunted Mansion,Comedy,Drama,Family
0,The Thing,Horror,Mystery,Sci-Fi
1,The Empty Man,Horror,Mystery,Thriller
2,The Ritual,Horror,Mystery,Thriller
4,Crimson Peak,Drama,Horror,Mystery
6,Antichrist,Drama,Horror,Thriller
7,Unhinged,Action,Horror,Thriller
10,The Nun,Horror,Mystery,Thriller
11,Eight for Silver,Fantasy,Horror,Mystery
12,The Boy,Horror,Mystery,Thriller
13,Gerald's Game,Drama,Horror,Thriller
14,Cloverfield,Action,Horror,Sci-Fi
15,The Eden Theory,Horror,Sci-Fi,Thriller
16,My Demon Lover,Comedy,Fantasy,Horror
17,Underwater,Action,Horror,Sci-Fi
19,Unhuman,Comedy,Horror,Thriller
20,The Covenant,Action,Adventure,Fantasy
23,Escape Room,Action,Adventure,Horror
26,The Forever Purge,Action,Horror,Thriller
27,Urban Legend,Horror,Mystery,Thriller
28,Alien³,Action,Horror,Sci-Fi
30,Death Becomes Her,Comedy,Fantasy,Horror
31,Climax,Drama,Horror,Music
32,Mandy,Action,Fantasy,Horror
35,Freaky,Comedy,Horror,Thriller
36,The Witches,Adventure,Comedy,Family
37,Marrowbone,Adventure,Drama,Horror
40,The Shallows,Action,Drama,Horror
41,The Cloverfield Paradox,Action,Horror,Sci-Fi
42,Escape Room: Tournament of Champions,Action,Adventure,Horror
43,The Cell,Crime,Horror,Sci-Fi
44,The Invitation,Drama,Horror,Mystery
45,Legion,Action,Fantasy,Horror
46,The Conjuring 2,Horror,Mystery,Thriller
49,Halloween,Crime,Horror,Thriller
0,Thor: Love and Thunder,Action,Adventure,Comedy
1,Minions: The Rise of Gru,Animation,Adventure,Comedy
2,Sing 2,Animation,Adventure,Comedy
3,Everything Everywhere All at Once,Action,Adventure,Comedy
4,The Bad Guys,Animation,Adventure,Comedy
5,Barbie,Adventure,Comedy,Fantasy
6,Hustle,Comedy,Drama,Sport
7,The Unbearable Weight of Massive Talent,Action,Comedy,Crime
8,Thor: Ragnarok,Action,Adventure,Comedy
9,The Sea Beast,Animation,Adventure,Comedy
12,The Lost City,Action,Adventure,Comedy
15,Hocus Pocus 2,Comedy,Family,Fantasy
16,Father of the Bride,Comedy,Drama,Romance
18,Minions,Animation,Adventure,Comedy
19,Ghostbusters: Afterlife,Adventure,Comedy,Fantasy
21,Jug Jugg Jeeyo,Comedy,Drama,Family
22,The Wolf of Wall Street,Biography,Comedy,Crime
23,Despicable Me,Animation,Adventure,Comedy
25,Sonic the Hedgehog 2,Action,Adventure,Comedy
26,Jerry &amp; Marge Go Large,Biography,Comedy,Drama
27,Love &amp; Gelato,Comedy,Drama,Romance
28,The Goonies,Adventure,Comedy,Family
29,"Hello, Goodbye and Everything in Between",Comedy,Drama,Romance
30,Free Guy,Action,Adventure,Comedy
32,Mr. Malcolm's List,Comedy,Drama,Romance
34,DC League of Super-Pets,Animation,Action,Adventure
36,Licorice Pizza,Comedy,Drama,Romance
38,Verdens verste menneske,Comedy,Drama,Romance
39,Encanto,Animation,Comedy,Family
40,Sing,Animation,Comedy,Family
41,The Sandlot,Comedy,Drama,Family
43,The Gentlemen,Action,Comedy,Crime
44,Hocus Pocus,Comedy,Family,Fantasy
45,CODA,Comedy,Drama,Music
46,Marry Me,Comedy,Music,Romance
47,Back to the Future,Adventure,Comedy,Sci-Fi
48,Elf,Adventure,Comedy,Family
49,Don't Look Up,Comedy,Drama,Sci-Fi
0,Chip 'n Dale: Rescue Rangers,Animation,Adventure,Comedy
1,777 Charlie,Adventure,Comedy,Drama
2,American Made,Action,Comedy,Crime
3,The Adam Project,Action,Adventure,Comedy
4,The Suicide Squad,Action,Adventure,Comedy
5,Guardians of the Galaxy,Action,Adventure,Comedy
6,Spree,Action,Comedy,Crime
7,Blasted,Action,Comedy,Sci-Fi
8,Jojo Rabbit,Comedy,Drama,War
9,Knives Out,Comedy,Crime,Drama
10,Gisaengchung,Comedy,Drama,Thriller
11,Turning Red,Animation,Adventure,Comedy
13,Luck,Animation,Adventure,Comedy
15,The Girl Next Door,Comedy,Drama,Romance
16,Paws of Fury: The Legend of Hank,Animation,Action,Comedy
18,Despicable Me 3,Animation,Adventure,Comedy
20,The French Dispatch,Comedy,Drama,Romance
21,Shazam! Fury of the Gods,Action,Adventure,Comedy
23,Nude Tuesday,Comedy,Drama,Romance
25,Despicable Me 2,Animation,Adventure,Comedy
26,A League of Their Own,Comedy,Drama,Sport
27,The Munsters,Comedy,Family,Fantasy
28,Deadpool,Action,Adventure,Comedy
29,The Grand Budapest Hotel,Adventure,Comedy,Crime
30,Hustlers,Comedy,Crime,Drama
32,Red Notice,Action,Comedy,Thriller
33,Fresh,Comedy,Horror,Thriller
36,Marcel the Shell with Shoes On,Animation,Comedy,Family
37,Grease,Comedy,Musical,Romance
38,Ghostbusters,Action,Comedy,Fantasy
42,Don Jon,Comedy,Drama,Romance
45,Idiocracy,Adventure,Comedy,Sci-Fi
46,Pitch Perfect,Comedy,Music,Romance
49,Big Hero 6,Animation,Action,Adventure
1,Spider-Man: Into the Spider-Verse,Animation,Action,Adventure
3,Guardians of the Galaxy Vol. 2,Action,Adventure,Comedy
4,Deadpool 2,Action,Adventure,Comedy
5,The Heat,Action,Comedy,Crime
9,Guardians of the Galaxy Vol. 3,Action,Adventure,Comedy
12,Jumanji: The Next Level,Action,Adventure,Comedy
13,Operation Fortune: Ruse de guerre,Action,Comedy,Thriller
14,The Music Man,Comedy,Family,Musical
15,Moana,Animation,Adventure,Comedy
18,Sonic the Hedgehog,Action,Adventure,Comedy
21,Toy Story,Animation,Adventure,Comedy
24,Up in the Air,Comedy,Drama,Romance
25,Crazy Rich Asians,Comedy,Drama,Romance
26,Kingsman: The Secret Service,Action,Adventure,Comedy
28,Big Trouble in Little China,Action,Adventure,Comedy
29,10 Things I Hate About You,Comedy,Drama,Romance
30,Roald Dahl's Matilda the Musical,Comedy,Drama,Family
31,Cars,Animation,Adventure,Comedy
32,The Big Short,Biography,Comedy,Drama
33,The Return of the Living Dead,Comedy,Horror,Sci-Fi
34,Scooby-Doo,Adventure,Comedy,Family
36,The World's End,Action,Comedy,Sci-Fi
37,About Time,Comedy,Drama,Fantasy
41,Risky Business,Comedy,Crime,Drama
42,Disenchanted,Animation,Adventure,Comedy
43,The Phantom of the Open,Comedy,Drama,Sport
44,Almost Famous,Adventure,Comedy,Drama
45,Steel Magnolias,Comedy,Drama,Romance
46,Cruella,Adventure,Comedy,Crime
49,Vengeance,Comedy,Mystery,Thriller
1,Annie,Comedy,Drama,Family
3,Love Actually,Comedy,Drama,Romance
4,Vice,Biography,Comedy,Drama
5,The Terminal,Comedy,Drama,Romance
10,Funny Face,Comedy,Musical,Romance
11,La La Land,Comedy,Drama,Music
13,Charlie and the Chocolate Factory,Adventure,Comedy,Family
17,Ratatouille,Animation,Adventure,Comedy
22,Tropic Thunder,Action,Comedy,War
23,The Longest Yard,Comedy,Crime,Drama
24,Zootopia,Animation,Adventure,Comedy
25,Emma.,Comedy,Drama,Romance
26,LOL,Comedy,Drama,Romance
27,A Simple Favor,Comedy,Crime,Mystery
28,The Wedding Singer,Comedy,Music,Romance
30,Queen Bees,Comedy,Drama,Romance
31,Get Smart,Action,Adventure,Comedy
32,Scott Pilgrim vs. the World,Action,Comedy,Fantasy
33,"Crazy, Stupid, Love.",Comedy,Drama,Romance
34,War Dogs,Biography,Comedy,Crime
37,Green Book,Biography,Comedy,Drama
38,Cocktail,Comedy,Drama,Romance
40,The Proposal,Comedy,Drama,Romance
41,Jungle Cruise,Action,Adventure,Comedy
42,Toy Story 4,Animation,Adventure,Comedy
45,Jumanji: Welcome to the Jungle,Action,Adventure,Comedy
46,Luca,Animation,Adventure,Comedy
49,Baywatch,Action,Comedy,Crime
3,Kingsman: The Golden Circle,Action,Adventure,Comedy
4,Zola,Comedy,Crime,Drama
5,Men in Black,Action,Adventure,Comedy
6,Matilda,Comedy,Family,Fantasy
8,Ready or Not,Action,Comedy,Horror
12,Frozen,Animation,Adventure,Comedy
13,Sky High,Action,Comedy,Family
14,Bodies Bodies Bodies,Comedy,Horror,Thriller
15,Mamma Mia!,Comedy,Musical,Romance
17,Jerry Maguire,Comedy,Drama,Romance
18,Tuff Turf,Action,Comedy,Drama
20,Pinocchio,Adventure,Comedy,Drama
21,The Hitchhiker's Guide to the Galaxy,Adventure,Comedy,Sci-Fi
22,Finding Nemo,Animation,Adventure,Comedy
23,"Monsters, Inc.",Animation,Adventure,Comedy
24,Spaceballs,Adventure,Comedy,Sci-Fi
25,Dick Tracy,Action,Comedy,Crime
27,Chef,Adventure,Comedy,Drama
28,Ant-Man,Action,Adventure,Comedy
29,Secretary,Comedy,Drama,Romance
31,Paddington 2,Adventure,Comedy,Family
32,Raya and the Last Dragon,Animation,Action,Adventure
33,Hercules,Animation,Adventure,Comedy
34,Tangled,Animation,Adventure,Comedy
35,The Blues Brothers,Action,Adventure,Comedy
37,La vita è bella,Comedy,Drama,Romance
38,Aladdin,Adventure,Comedy,Family
39,Shazam!,Action,Adventure,Comedy
40,The Parent Trap,Adventure,Comedy,Drama
41,Wonka,Adventure,Comedy,Family
42,Birds of Prey and the Fantabulous Emancipation of One Harley Quinn,Action,Adventure,Comedy
43,Thoroughbreds,Comedy,Crime,Drama
44,(500) Days of Summer,Comedy,Drama,Romance
45,The Bob's Burgers Movie,Animation,Adventure,Comedy
47,The Time Traveler's Wife,Comedy,Drama,Fantasy
0,Thor: Love and Thunder,Action,Adventure,Comedy
1,Barbie,Adventure,Comedy,Fantasy
2,The Lost City,Action,Adventure,Comedy
4,Hocus Pocus 2,Comedy,Family,Fantasy
5,Father of the Bride,Comedy,Drama,Romance
8,Jug Jugg Jeeyo,Comedy,Drama,Family
9,Love &amp; Gelato,Comedy,Drama,Romance
10,"Hello, Goodbye and Everything in Between",Comedy,Drama,Romance
11,Mr. Malcolm's List,Comedy,Drama,Romance
14,Fifty Shades of Grey,Drama,Romance,Thriller
15,Licorice Pizza,Comedy,Drama,Romance
16,Verdens verste menneske,Comedy,Drama,Romance
17,Marry Me,Comedy,Music,Romance
18,Elf,Adventure,Comedy,Family
20,The Mortal Instruments: City of Bones,Action,Adventure,Fantasy
21,The Girl Next Door,Comedy,Drama,Romance
22,West Side Story,Crime,Drama,Musical
25,The French Dispatch,Comedy,Drama,Romance
26,Nude Tuesday,Comedy,Drama,Romance
27,The Age of Adaline,Drama,Fantasy,Romance
30,Grease,Comedy,Musical,Romance
33,Twilight,Drama,Fantasy,Romance
34,Don Jon,Comedy,Drama,Romance
35,El Dorado,Drama,Romance,Western
36,Zombies 3,Family,Musical,Romance
37,Pitch Perfect,Comedy,Music,Romance
38,The Princess Bride,Adventure,Family,Fantasy
39,The Power of the Dog,Drama,Romance,Western
42,Blonde,Biography,Drama,Mystery
49,Legend,Adventure,Fantasy,Romance
0,Pearl Harbor,Action,Drama,History
1,The Music Man,Comedy,Family,Musical
4,The Blue Lagoon,Adventure,Drama,Romance
5,Up in the Air,Comedy,Drama,Romance
6,Casablanca,Drama,Romance,War
8,Crazy Rich Asians,Comedy,Drama,Romance
12,10 Things I Hate About You,Comedy,Drama,Romance
13,The Little Mermaid,Adventure,Family,Fantasy
14,Edward Scissorhands,Drama,Fantasy,Romance
15,Moulin Rouge!,Drama,Musical,Romance
16,About Time,Comedy,Drama,Fantasy
17,Eternal Sunshine of the Spotless Mind,Drama,Romance,Sci-Fi
18,Risky Business,Comedy,Crime,Drama
19,Disenchanted,Animation,Adventure,Comedy
20,Steel Magnolias,Comedy,Drama,Romance
24,Love Actually,Comedy,Drama,Romance
26,Ah-ga-ssi,Drama,Romance,Thriller
27,The Terminal,Comedy,Drama,Romance
28,Malèna,Drama,Romance,War
31,Funny Face,Comedy,Musical,Romance
32,La La Land,Comedy,Drama,Music
33,Willow,Action,Adventure,Drama
34,The Sound of Music,Biography,Drama,Family
36,True Romance,Crime,Drama,Romance
39,Footloose,Drama,Music,Romance
40,Her,Drama,Romance,Sci-Fi
41,Heojil kyolshim,Crime,Drama,Mystery
43,Emma.,Comedy,Drama,Romance
44,LOL,Comedy,Drama,Romance
45,Atonement,Drama,Mystery,Romance
46,The Wedding Singer,Comedy,Music,Romance
47,Queen Bees,Comedy,Drama,Romance
48,Meet Joe Black,Drama,Fantasy,Romance
49,Dirty Dancing,Drama,Music,Romance
0,Scott Pilgrim vs. the World,Action,Comedy,Fantasy
1,"Crazy, Stupid, Love.",Comedy,Drama,Romance
2,The Twilight Saga: Breaking Dawn - Part 2,Adventure,Drama,Fantasy
3,Passengers,Drama,Romance,Sci-Fi
4,Cocktail,Comedy,Drama,Romance
5,The Proposal,Comedy,Drama,Romance
6,Unfaithful,Drama,Romance,Thriller
8,Beauty and the Beast,Adventure,Family,Fantasy
9,Cold Mountain,Adventure,Drama,History
10,Cast Away,Adventure,Drama,Romance
11,The King,Biography,Drama,History
13,Dracula,Drama,Fantasy,Horror
19,Mamma Mia!,Comedy,Musical,Romance
21,Jerry Maguire,Comedy,Drama,Romance
22,Fifty Shades Freed,Drama,Romance,Thriller
23,Dick Tracy,Action,Comedy,Crime
25,Secretary,Comedy,Drama,Romance
26,The Curious Case of Benjamin Button,Drama,Fantasy,Romance
27,Hercules,Animation,Adventure,Comedy
28,The Legend of Tarzan,Action,Adventure,Drama
29,Tangled,Animation,Adventure,Comedy
31,West Side Story,Crime,Drama,Musical
32,La vita è bella,Comedy,Drama,Romance
33,Aladdin,Adventure,Comedy,Family
34,The Parent Trap,Adventure,Comedy,Drama
35,The Last of the Mohicans,Action,Adventure,Drama
36,Benedetta,Biography,Drama,History
37,(500) Days of Summer,Comedy,Drama,Romance
38,Les Misérables,Drama,Musical,Romance
40,The Time Traveler's Wife,Comedy,Drama,Fantasy
41,The Spectacular Now,Comedy,Drama,Romance
43,Father of the Bride,Comedy,Family,Romance
44,Maestro,Biography,Drama,Music
45,Footloose,Comedy,Drama,Music
46,Untitled Super Mario Project,Animation,Adventure,Comedy
48,Three Thousand Years of Longing,Drama,Fantasy,Romance
49,Sleeping Beauty,Drama,Mystery,Romance
0,When Harry Met Sally...,Comedy,Drama,Romance
1,Palm Springs,Comedy,Fantasy,Mystery
2,The Shape of Water,Drama,Fantasy,Romance
3,Shrek,Animation,Adventure,Comedy
4,Silver Linings Playbook,Comedy,Drama,Romance
5,13 Going on 30,Comedy,Fantasy,Romance
9,The Lobster,Comedy,Drama,Romance
11,Jailhouse Rock,Drama,Music,Musical
12,Vanilla Sky,Fantasy,Mystery,Romance
13,Notting Hill,Comedy,Drama,Romance
15,The High Note,Drama,Music,Romance
16,Kimi no na wa.,Animation,Drama,Fantasy
18,Weird Science,Comedy,Romance,Sci-Fi
20,Allied,Action,Drama,Romance
21,Silverado,Action,Crime,Drama
22,Adventures in Babysitting,Adventure,Comedy,Crime
26,A través de mi ventana,Comedy,Drama,Romance
27,Big Fish,Adventure,Drama,Fantasy
28,Love Sarah,Comedy,Drama,Romance
29,Witness,Drama,Romance,Thriller
30,The Princess Diaries,Comedy,Family,Romance
32,Leave Her to Heaven,Drama,Film-Noir,Romance
33,The Ballad of Buster Scruggs,Comedy,Drama,Musical
34,You've Got Mail,Comedy,Drama,Romance
35,Rock of Ages,Comedy,Drama,Musical
37,A Star Is Born,Drama,Music,Romance
38,Yesterday,Comedy,Fantasy,Music
41,Swiss Army Man,Comedy,Drama,Fantasy
43,Gone with the Wind,Drama,Romance,War
45,Cashback,Comedy,Drama,Romance
46,Pretty in Pink,Comedy,Drama,Romance
47,Midnight in Paris,Comedy,Fantasy,Romance
49,Cinderella,Comedy,Family,Fantasy
0,Cinderella,Adventure,Drama,Family
1,Love &amp; Other Drugs,Comedy,Drama,Romance
4,Lolita,Crime,Drama,Romance
5,Sleepless in Seattle,Comedy,Drama,Romance
7,He's Just Not That Into You,Comedy,Drama,Romance
8,The Eyes of Tammy Faye,Biography,Drama,Romance
9,The Secret Life of Walter Mitty,Adventure,Comedy,Drama
10,Strictly Ballroom,Comedy,Drama,Music
13,Stardust,Adventure,Family,Fantasy
14,Aladdin,Animation,Adventure,Comedy
16,Reminiscence,Mystery,Romance,Sci-Fi
18,Mamma Mia! Here We Go Again,Comedy,Musical,Romance
19,It's a Wonderful Life,Drama,Family,Fantasy
20,Beauty and the Beast,Animation,Family,Fantasy
21,King Kong,Action,Adventure,Drama
22,Vicky Cristina Barcelona,Comedy,Drama,Romance
23,In the Heights,Drama,Musical,Romance
25,Enchanted,Animation,Adventure,Comedy
26,Little Women,Drama,Family,Romance
29,Murder Mystery,Action,Comedy,Crime
30,Moonrise Kingdom,Comedy,Drama,Romance
31,Disney's Snow White,Adventure,Drama,Family
32,Sid and Nancy,Biography,Drama,Music
33,The Little Mermaid,Animation,Adventure,Comedy
34,The Beach,Adventure,Drama,Romance
35,Robin Hood: Men in Tights,Adventure,Comedy,Musical
36,Forgetting Sarah Marshall,Comedy,Drama,Romance
37,A Knight's Tale,Action,Adventure,Romance
39,The Little Rascals,Comedy,Family,Romance
40,Bill &amp; Ted's Excellent Adventure,Adventure,Comedy,Music
41,The Danish Girl,Biography,Drama,Romance
42,The In Between,Drama,Romance,Sci-Fi
43,Malizia,Comedy,Drama,Romance
44,The King's Daughter,Action,Adventure,Family
46,Varsity Blues,Comedy,Drama,Romance
47,Big,Comedy,Drama,Fantasy
48,Miss Congeniality,Action,Comedy,Crime
49,Legends of the Fall,Drama,Romance,War
0,Thor: Love and Thunder,Action,Adventure,Comedy
2,Doctor Strange in the Multiverse of Madness,Action,Adventure,Fantasy
3,Jurassic World Dominion,Action,Adventure,Sci-Fi
4,The Princess,Action,Drama,Fantasy
6,Everything Everywhere All at Once,Action,Adventure,Comedy
7,The Man from Toronto,Action,Adventure,Thriller
8,Independence Day,Action,Adventure,Sci-Fi
9,Spiderhead,Action,Crime,Drama
10,Lightyear,Animation,Action,Adventure
11,Rocketry: The Nambi Effect,Action,Biography,Drama
12,The Batman,Action,Crime,Drama
13,The Northman,Action,Adventure,Drama
14,The Unbearable Weight of Massive Talent,Action,Comedy,Crime
15,Thor: Ragnarok,Action,Adventure,Comedy
16,Spider-Man: No Way Home,Action,Adventure,Fantasy
17,Fantastic Beasts: The Secrets of Dumbledore,Action,Adventure,Fantasy
18,The Woman King,Action,Drama,History
19,The Lost City,Action,Adventure,Comedy
21,No Time to Die,Action,Adventure,Thriller
22,Morbius,Action,Adventure,Horror
25,Major,Action,Biography,Drama
26,Jurassic Park,Action,Adventure,Sci-Fi
27,Avatar: The Way of Water,Action,Adventure,Sci-Fi
28,Thor,Action,Adventure,Fantasy
30,Dune: Part One,Action,Adventure,Drama
31,Avengers: Endgame,Action,Adventure,Drama
32,Eternals,Action,Adventure,Fantasy
33,Hellboy,Action,Adventure,Fantasy
34,Wild Card,Action,Crime,Drama
35,Ambulance,Action,Crime,Drama
36,Star Wars,Action,Adventure,Fantasy
37,Sonic the Hedgehog 2,Action,Adventure,Comedy
38,Inception,Action,Adventure,Sci-Fi
39,The Dark Knight,Action,Crime,Drama
40,Free Guy,Action,Adventure,Comedy
41,Thor: The Dark World,Action,Adventure,Fantasy
43,DC League of Super-Pets,Animation,Action,Adventure
45,Independence Day: Resurgence,Action,Adventure,Sci-Fi
46,Interceptor,Action,Adventure,Drama
47,Jurassic World,Action,Adventure,Sci-Fi
48,Jurassic World: Fallen Kingdom,Action,Adventure,Sci-Fi
49,Black Adam,Action,Fantasy,Sci-Fi
0,Black Panther: Wakanda Forever,Action,Adventure,Drama
1,Star Wars: Episode I - The Phantom Menace,Action,Adventure,Fantasy
2,Thief,Action,Crime,Drama
4,Avatar,Action,Adventure,Fantasy
5,Doctor Strange,Action,Adventure,Fantasy
6,Avengers: Infinity War,Action,Adventure,Sci-Fi
9,Star Wars: Episode IX - The Rise of Skywalker,Action,Adventure,Fantasy
10,Pirates of the Caribbean: The Curse of the Black Pearl,Action,Adventure,Fantasy
11,The Gentlemen,Action,Comedy,Crime
12,Expend4bles,Action,Adventure,Thriller
14,The Lord of the Rings: The Fellowship of the Ring,Action,Adventure,Drama
16,Moonfall,Action,Adventure,Sci-Fi
18,American Made,Action,Comedy,Crime
19,The Adam Project,Action,Adventure,Comedy
20,Final Score,Action,Drama,Thriller
21,Black Widow,Action,Adventure,Sci-Fi
22,Enola Holmes,Action,Adventure,Crime
23,The Suicide Squad,Action,Adventure,Comedy
24,Guardians of the Galaxy,Action,Adventure,Comedy
25,Samrat Prithviraj,Action,Drama,History
26,Spree,Action,Comedy,Crime
27,Heat,Action,Crime,Drama
28,The King's Man,Action,Adventure,Thriller
29,Blasted,Action,Comedy,Sci-Fi
30,Resident Evil: Welcome to Raccoon City,Action,Horror,Sci-Fi
31,Overlord,Action,Horror,Sci-Fi
32,The Mortal Instruments: City of Bones,Action,Adventure,Fantasy
33,Star Wars: Episode III - Revenge of the Sith,Action,Adventure,Fantasy
34,Shang-Chi and the Legend of the Ten Rings,Action,Adventure,Fantasy
35,Star Wars: Episode VI - Return of the Jedi,Action,Adventure,Fantasy
36,Léon,Action,Crime,Drama
37,Blade Runner 2049,Action,Drama,Mystery
38,Suicide Squad,Action,Adventure,Fantasy
39,Captain America: The First Avenger,Action,Adventure,Sci-Fi
40,Doragon boru supa supa hiro,Animation,Action,Adventure
41,Anek,Action,Drama,Thriller
42,John Wick,Action,Crime,Thriller
43,Tenet,Action,Sci-Fi,Thriller
44,Paws of Fury: The Legend of Hank,Animation,Action,Comedy
45,Gladiator,Action,Adventure,Drama
46,The Patriot,Action,Drama,History
47,Rollerball,Action,Sci-Fi,Sport
49,Wrath of Man,Action,Crime,Thriller
0,The Hunger Games,Action,Adventure,Sci-Fi
1,Shazam! Fury of the Gods,Action,Adventure,Comedy
2,The Last Duel,Action,Drama,History
3,Divergent,Action,Adventure,Mystery
4,Spider-Man,Action,Adventure,Sci-Fi
5,Mad Max: Fury Road,Action,Adventure,Sci-Fi
6,Oldeuboi,Action,Drama,Mystery
7,Nobody,Action,Crime,Drama
8,Spider-Man: Homecoming,Action,Adventure,Sci-Fi
9,Deadpool,Action,Adventure,Comedy
10,1917,Action,Drama,War
11,Aliens,Action,Adventure,Sci-Fi
12,Star Wars: Episode II - Attack of the Clones,Action,Adventure,Fantasy
13,Wanted,Action,Crime,Thriller
14,Blade Runner,Action,Drama,Sci-Fi
15,Mission: Impossible - Dead Reckoning - Part One,Action,Adventure,Thriller
16,Red Notice,Action,Comedy,Thriller
17,Underworld,Action,Fantasy,Thriller
18,Mission: Impossible,Action,Adventure,Thriller
19,Black Panther,Action,Adventure,Sci-Fi
20,Natural Born Killers,Action,Crime,Drama
21,Rogue One,Action,Adventure,Sci-Fi
22,The Avengers,Action,Adventure,Sci-Fi
23,For Your Eyes Only,Action,Adventure,Thriller
24,John Wick: Chapter 4,Action,Crime,Thriller
25,The Empire Strikes Back,Action,Adventure,Fantasy
26,Ghostbusters,Action,Comedy,Fantasy
27,Jack Reacher,Action,Mystery,Thriller
28,Prey,Action,Drama,Horror
29,Pirates of the Caribbean: Dead Men Tell No Tales,Action,Adventure,Fantasy
30,Star Wars: Episode VIII - The Last Jedi,Action,Adventure,Fantasy
31,Fantastic Four,Action,Adventure,Sci-Fi
32,Captain Marvel,Action,Adventure,Sci-Fi
33,Venom: Let There Be Carnage,Action,Adventure,Sci-Fi
34,Star Wars: Episode VII - The Force Awakens,Action,Adventure,Sci-Fi
35,Mission: Impossible - Fallout,Action,Adventure,Thriller
37,F9,Action,Crime,Thriller
38,Collateral,Action,Crime,Drama
39,The Tomorrow War,Action,Adventure,Drama
40,The Lord of the Rings: The Return of the King,Action,Adventure,Drama
41,Batman Begins,Action,Crime,Drama
43,Edge of Tomorrow,Action,Adventure,Sci-Fi
44,Dunkirk,Action,Drama,History
45,Big Hero 6,Animation,Action,Adventure
47,Lone Survivor,Action,Biography,Drama
48,Watchmen,Action,Drama,Mystery
49,Iron Man,Action,Adventure,Sci-Fi
0,Spider-Man: Into the Spider-Verse,Animation,Action,Adventure
1,Oblivion,Action,Adventure,Sci-Fi
2,Guardians of the Galaxy Vol. 2,Action,Adventure,Comedy
3,Deadpool 2,Action,Adventure,Comedy
4,The Amazing Spider-Man,Action,Adventure,Sci-Fi
5,The Heat,Action,Comedy,Crime
6,Vampires,Action,Horror,Thriller
7,Casino Royale,Action,Adventure,Thriller
8,Alita: Battle Angel,Action,Adventure,Sci-Fi
9,Guardians of the Galaxy Vol. 3,Action,Adventure,Comedy
10,Dune,Action,Adventure,Sci-Fi
11,Dune: Part Two,Action,Adventure,Drama
12,The Last Castle,Action,Drama,Thriller
13,Jumanji: The Next Level,Action,Adventure,Comedy
14,The Lost World: Jurassic Park,Action,Adventure,Sci-Fi
15,Zack Snyder's Justice League,Action,Adventure,Fantasy
16,Pearl Harbor,Action,Drama,History
17,Operation Fortune: Ruse de guerre,Action,Comedy,Thriller
18,The Revenant,Action,Adventure,Drama
19,Constantine,Action,Fantasy,Horror
21,Sonic the Hedgehog,Action,Adventure,Comedy
22,Transformers,Action,Adventure,Sci-Fi
23,Ready Player One,Action,Adventure,Sci-Fi
25,Star Trek,Action,Adventure,Sci-Fi
26,The Fifth Element,Action,Adventure,Sci-Fi
27,Pirates of the Caribbean: On Stranger Tides,Action,Adventure,Fantasy
28,Ford v Ferrari,Action,Biography,Drama
29,Godzilla vs. Kong,Action,Sci-Fi,Thriller
30,Kingsman: The Secret Service,Action,Adventure,Comedy
31,Big Trouble in Little China,Action,Adventure,Comedy
32,Pirates of the Caribbean: Dead Man's Chest,Action,Adventure,Fantasy
34,Point Break,Action,Crime,Thriller
35,Solo: A Star Wars Story,Action,Adventure,Sci-Fi
36,Spider-Man 3,Action,Adventure,Sci-Fi
37,The Hunger Games: The Ballad of Songbirds and Snakes,Action,Adventure,Drama
38,Sicario,Action,Crime,Drama
39,Red Dawn,Action,Drama,Thriller
40,The World's End,Action,Comedy,Sci-Fi
41,Starship Troopers,Action,Adventure,Sci-Fi
42,Predator,Action,Adventure,Horror
43,Baby Driver,Action,Crime,Drama
44,Speed,Action,Adventure,Thriller
45,Warrior,Action,Drama,Sport
46,Octopussy,Action,Adventure,Thriller
47,The Magnificent Seven,Action,Adventure,Western
48,Spider-Man: Far from Home,Action,Adventure,Sci-Fi
49,The Mummy,Action,Adventure,Fantasy
0,The Lord of the Rings: The Two Towers,Action,Adventure,Drama
1,Kill Bill: Vol. 1,Action,Crime,Drama
2,Captain America: The Winter Soldier,Action,Adventure,Sci-Fi
3,Spectre,Action,Adventure,Thriller
4,The Flash,Action,Adventure,Fantasy
5,Avengers: Age of Ultron,Action,Adventure,Sci-Fi
6,Westworld,Action,Sci-Fi,Thriller
8,The Marvels,Action,Adventure,Fantasy
9,Mortal Engines,Action,Adventure,Fantasy
10,The Mummy,Action,Adventure,Fantasy
11,Pirates of the Caribbean: At World's End,Action,Adventure,Fantasy
12,The Fugitive,Action,Crime,Drama
13,John Wick: Chapter 3 - Parabellum,Action,Crime,Thriller
14,Mission: Impossible - Ghost Protocol,Action,Adventure,Thriller
15,Captain America: Civil War,Action,Adventure,Sci-Fi
16,RoboCop,Action,Crime,Sci-Fi
17,Aquaman,Action,Adventure,Fantasy
18,Willow,Action,Adventure,Drama
19,The Amazing Spider-Man 2,Action,Adventure,Sci-Fi
20,Logan,Action,Drama,Sci-Fi
21,The Hunt,Action,Horror,Thriller
23,Wonder Woman,Action,Adventure,Fantasy
24,Batgirl,Action,Adventure,Crime
25,Tropic Thunder,Action,Comedy,War
26,Total Recall,Action,Adventure,Sci-Fi
27,Mission: Impossible II,Action,Adventure,Thriller
28,Jurassic Park III,Action,Adventure,Sci-Fi
29,From Dusk Till Dawn,Action,Crime,Horror
30,Quantum of Solace,Action,Adventure,Thriller
31,Okja,Action,Adventure,Drama
32,Power Rangers,Action,Adventure,Fantasy
33,Armageddon,Action,Adventure,Sci-Fi
34,Get Smart,Action,Adventure,Comedy
35,Scott Pilgrim vs. the World,Action,Comedy,Fantasy
36,The Karate Kid,Action,Drama,Family
37,The Fighter,Action,Biography,Drama
38,Hellboy,Action,Adventure,Fantasy
39,X-Men: Days of Future Past,Action,Adventure,Sci-Fi
40,Red Sparrow,Action,Drama,Thriller
41,Mad Max,Action,Adventure,Sci-Fi
42,Man of Steel,Action,Adventure,Sci-Fi
43,X-Men,Action,Adventure,Sci-Fi
44,War of the Worlds,Action,Adventure,Sci-Fi
45,National Treasure,Action,Adventure,Mystery
46,The Warriors,Action,Crime,Thriller
47,Kingdom of Heaven,Action,Adventure,Drama
48,Chaos Walking,Action,Adventure,Fantasy
49,Twister,Action,Adventure,Thriller
0,Elvis,Biography,Drama,Music
3,The Princess,Action,Drama,Fantasy
6,Hustle,Comedy,Drama,Sport
7,Last Night in Soho,Drama,Horror,Mystery
8,Spiderhead,Action,Crime,Drama
9,Lightyear,Animation,Action,Adventure
10,Rocketry: The Nambi Effect,Action,Biography,Drama
11,The Batman,Action,Crime,Drama
12,The Northman,Action,Adventure,Drama
13,Where the Crawdads Sing,Drama,Mystery,Thriller
14,House of Gucci,Biography,Crime,Drama
15,Terror on the Prairie,Drama,Thriller,Western
16,Men,Drama,Fantasy,Horror
17,The Woman King,Action,Drama,History
19,Crimes of the Future,Drama,Horror,Sci-Fi
21,Major,Action,Biography,Drama
23,Watcher,Drama,Horror,Thriller
24,Death on the Nile,Crime,Drama,Mystery
25,Father of the Bride,Comedy,Drama,Romance
27,Dune: Part One,Action,Adventure,Drama
30,Avengers: Endgame,Action,Adventure,Drama
31,Goodfellas,Biography,Crime,Drama
33,Jug Jugg Jeeyo,Comedy,Drama,Family
34,Wild Card,Action,Crime,Drama
35,The Wolf of Wall Street,Biography,Comedy,Crime
36,Ambulance,Action,Crime,Drama
38,Zero Dark Thirty,Drama,History,Thriller
40,Jerry &amp; Marge Go Large,Biography,Comedy,Drama
41,Love &amp; Gelato,Comedy,Drama,Romance
42,"Hello, Goodbye and Everything in Between",Comedy,Drama,Romance
43,The Dark Knight,Action,Crime,Drama
44,Midsommar,Drama,Horror,Mystery
45,The Talented Mr. Ripley,Crime,Drama,Thriller
47,Old,Drama,Horror,Mystery
48,Mr. Malcolm's List,Comedy,Drama,Romance
2,1776,Drama,Family,History
4,Interstellar,Adventure,Drama,Sci-Fi
5,Killers of the Flower Moon,Crime,Drama,History
6,Fifty Shades of Grey,Drama,Romance,Thriller
8,A Call to Spy,Biography,Crime,Drama
9,American Psycho,Crime,Drama,Horror
10,Licorice Pizza,Comedy,Drama,Romance
11,Interceptor,Action,Adventure,Drama
14,Se7en,Crime,Drama,Mystery
15,Black Panther: Wakanda Forever,Action,Adventure,Drama
18,Thief,Action,Crime,Drama
19,Verdens verste menneske,Comedy,Drama,Romance
20,The Sandlot,Comedy,Drama,Family
22,Thirteen Lives,Biography,Drama,Thriller
23,Oppenheimer,Biography,Drama,History
24,Rise,Biography,Drama,Sport
25,CODA,Comedy,Drama,Music
27,The Lord of the Rings: The Fellowship of the Ring,Action,Adventure,Drama
28,Don't Look Up,Comedy,Drama,Sci-Fi
29,777 Charlie,Adventure,Comedy,Drama
30,American Made,Action,Comedy,Crime
31,Deep Water,Drama,Mystery,Thriller
32,Legend,Biography,Crime,Drama
33,Final Score,Action,Drama,Thriller
34,Enola Holmes,Action,Adventure,Crime
35,Samrat Prithviraj,Action,Drama,History
36,Bohemian Rhapsody,Biography,Drama,Music
38,Heat,Action,Crime,Drama
40,Jojo Rabbit,Comedy,Drama,War
41,Knives Out,Comedy,Crime,Drama
42,Nightmare Alley,Crime,Drama,Thriller
43,The Departed,Crime,Drama,Thriller
44,Gisaengchung,Comedy,Drama,Thriller
46,Léon,Action,Crime,Drama
48,Blade Runner 2049,Action,Drama,Mystery
49,The Outfit,Crime,Drama,Mystery
1,Catch Me If You Can,Biography,Crime,Drama
2,Rocketman,Biography,Drama,Musical
5,Anek,Action,Drama,Thriller
6,Inglourious Basterds,Adventure,Drama,War
8,The Girl Next Door,Comedy,Drama,Romance
10,Joker,Crime,Drama,Thriller
12,Gladiator,Action,Adventure,Drama
13,The Patriot,Action,Drama,History
14,West Side Story,Crime,Drama,Musical
15,Apocalypse Now,Drama,Mystery,War
16,The Card Counter,Crime,Drama,Thriller
18,It Chapter Two,Drama,Fantasy,Horror
20,The French Dispatch,Comedy,Drama,Romance
22,The Last Duel,Action,Drama,History
23,Nude Tuesday,Comedy,Drama,Romance
25,Schindler's List,Biography,Drama,History
27,Tombstone,Biography,Drama,History
28,Oldeuboi,Action,Drama,Mystery
29,A League of Their Own,Comedy,Drama,Sport
31,Nobody,Action,Crime,Drama
32,1917,Action,Drama,War
33,The Age of Adaline,Drama,Fantasy,Romance
36,Hustlers,Comedy,Crime,Drama
38,Blade Runner,Action,Drama,Sci-Fi
39,The Silence of the Lambs,Crime,Drama,Thriller
40,Natural Born Killers,Action,Crime,Drama
41,King Richard,Biography,Drama,Sport
42,Hamilton,Biography,Drama,History
43,Hereditary,Drama,Horror,Mystery
44,Eyes Wide Shut,Drama,Mystery,Thriller
45,Prisoners,Crime,Drama,Mystery
49,The Guilty,Crime,Drama,Thriller
0,Prey,Action,Drama,Horror
2,The Greatest Showman,Biography,Drama,Musical
3,Deliverance,Adventure,Drama,Thriller
4,Twilight,Drama,Fantasy,Romance
7,The Green Mile,Crime,Drama,Fantasy
8,Don Jon,Comedy,Drama,Romance
9,El Dorado,Drama,Romance,Western
10,Fear Street: 1994,Drama,Horror,Mystery
12,Braveheart,Biography,Drama,History
13,Collateral,Action,Crime,Drama
14,The Tomorrow War,Action,Adventure,Drama
15,The Lord of the Rings: The Return of the King,Action,Adventure,Drama
17,Batman Begins,Action,Crime,Drama
18,Gone Girl,Drama,Mystery,Thriller
19,The Power of the Dog,Drama,Romance,Western
20,The Prestige,Drama,Mystery,Sci-Fi
21,Dunkirk,Action,Drama,History
23,Lone Survivor,Action,Biography,Drama
25,Watchmen,Action,Drama,Mystery
28,Hacksaw Ridge,Biography,Drama,History
29,Sweeney Todd: The Demon Barber of Fleet Street,Drama,Horror,Musical
31,The VVitch: A New-England Folktale,Drama,Fantasy,History
33,Primal Fear,Crime,Drama,Mystery
36,Blonde,Biography,Drama,Mystery
39,No Country for Old Men,Crime,Drama,Thriller
40,Fear Street: 1978,Drama,Horror,Mystery
42,The Lincoln Lawyer,Crime,Drama,Mystery
43,Idi i smotri,Drama,Thriller,War
44,Born on the Fourth of July,Biography,Drama,War
45,The Voyeurs,Drama,Mystery,Thriller
47,Dune: Part Two,Action,Adventure,Drama
48,Stillwater,Crime,Drama,Thriller
49,Wind River,Crime,Drama,Mystery
3,The Last Castle,Action,Drama,Thriller
5,The Devil's Advocate,Drama,Mystery,Thriller
6,Pearl Harbor,Action,Drama,History
7,The Revenant,Action,Adventure,Drama
8,Yankee Doodle Dandy,Biography,Drama,Family
11,The Buddy Holly Story,Biography,Drama,Music
12,The Blue Lagoon,Adventure,Drama,Romance
13,Murder on the Orient Express,Crime,Drama,Mystery
17,Up in the Air,Comedy,Drama,Romance
18,The Lion King,Animation,Adventure,Drama
19,Casablanca,Drama,Romance,War
20,A Quiet Place Part II,Drama,Horror,Sci-Fi
23,The Irishman,Biography,Crime,Drama
24,Crazy Rich Asians,Comedy,Drama,Romance
27,Make Up,Drama,Mystery,Thriller
29,The Railway Children Return,Adventure,Drama,Family
30,Ford v Ferrari,Action,Biography,Drama
31,Ex Machina,Drama,Sci-Fi,Thriller
34,10 Things I Hate About You,Comedy,Drama,Romance
35,Beast,Adventure,Drama,Horror
36,Roald Dahl's Matilda the Musical,Comedy,Drama,Family
38,Edward Scissorhands,Drama,Fantasy,Romance
42,The Hunger Games: The Ballad of Songbirds and Snakes,Action,Adventure,Drama
43,Sicario,Action,Crime,Drama
44,The Big Short,Biography,Comedy,Drama
45,Red Dawn,Action,Drama,Thriller
49,Moulin Rouge!,Drama,Musical,Romance
0,Thor: Love and Thunder,Action,Adventure,Comedy
1,Doctor Strange in the Multiverse of Madness,Action,Adventure,Fantasy
2,The Princess,Action,Drama,Fantasy
3,Everything Everywhere All at Once,Action,Adventure,Comedy
4,Barbie,Adventure,Comedy,Fantasy
5,The Northman,Action,Adventure,Drama
6,Thor: Ragnarok,Action,Adventure,Comedy
7,The Sea Beast,Animation,Adventure,Comedy
8,Spider-Man: No Way Home,Action,Adventure,Fantasy
9,Fantastic Beasts: The Secrets of Dumbledore,Action,Adventure,Fantasy
10,Men,Drama,Fantasy,Horror
11,Hocus Pocus 2,Comedy,Family,Fantasy
12,Thor,Action,Adventure,Fantasy
13,Ghostbusters: Afterlife,Adventure,Comedy,Fantasy
14,Eternals,Action,Adventure,Fantasy
15,Hellboy,Action,Adventure,Fantasy
16,Star Wars,Action,Adventure,Fantasy
17,Sonic the Hedgehog 2,Action,Adventure,Comedy
18,Free Guy,Action,Adventure,Comedy
19,Thor: The Dark World,Action,Adventure,Fantasy
20,Mad God,Animation,Fantasy,Horror
21,DC League of Super-Pets,Animation,Action,Adventure
22,Harry Potter and the Sorcerer's Stone,Adventure,Family,Fantasy
23,Black Adam,Action,Fantasy,Sci-Fi
24,Star Wars: Episode I - The Phantom Menace,Action,Adventure,Fantasy
25,Avatar,Action,Adventure,Fantasy
26,Encanto,Animation,Comedy,Family
27,Doctor Strange,Action,Adventure,Fantasy
28,Star Wars: Episode IX - The Rise of Skywalker,Action,Adventure,Fantasy
29,Pirates of the Caribbean: The Curse of the Black Pearl,Action,Adventure,Fantasy
30,Hocus Pocus,Comedy,Family,Fantasy
31,The Lord of the Rings: The Fellowship of the Ring,Action,Adventure,Drama
32,Elf,Adventure,Comedy,Family
33,The Mortal Instruments: City of Bones,Action,Adventure,Fantasy
34,Star Wars: Episode III - Revenge of the Sith,Action,Adventure,Fantasy
35,Shang-Chi and the Legend of the Ten Rings,Action,Adventure,Fantasy
36,Star Wars: Episode VI - Return of the Jedi,Action,Adventure,Fantasy
37,Turning Red,Animation,Adventure,Comedy
38,Suicide Squad,Action,Adventure,Fantasy
39,Luck,Animation,Adventure,Comedy
40,Doragon boru supa supa hiro,Animation,Action,Adventure
41,It Chapter Two,Drama,Fantasy,Horror
42,Shazam! Fury of the Gods,Action,Adventure,Comedy
44,Fantastic Beasts: The Crimes of Grindelwald,Adventure,Family,Fantasy
45,The Munsters,Comedy,Family,Fantasy
46,The Age of Adaline,Drama,Fantasy,Romance
47,Star Wars: Episode II - Attack of the Clones,Action,Adventure,Fantasy
48,Underworld,Action,Fantasy,Thriller
49,Marcel the Shell with Shoes On,Animation,Comedy,Family
0,The Empire Strikes Back,Action,Adventure,Fantasy
1,Ghostbusters,Action,Comedy,Fantasy
2,Pirates of the Caribbean: Dead Men Tell No Tales,Action,Adventure,Fantasy
3,Star Wars: Episode VIII - The Last Jedi,Action,Adventure,Fantasy
4,Twilight,Drama,Fantasy,Romance
5,The Green Mile,Crime,Drama,Fantasy
6,The Lord of the Rings: The Return of the King,Action,Adventure,Drama
7,The Princess Bride,Adventure,Family,Fantasy
8,Spider-Man: Into the Spider-Verse,Animation,Action,Adventure
9,The VVitch: A New-England Folktale,Drama,Fantasy,History
10,Jumanji: The Next Level,Action,Adventure,Comedy
11,Zack Snyder's Justice League,Action,Adventure,Fantasy
12,Legend,Adventure,Fantasy,Romance
13,Constantine,Action,Fantasy,Horror
14,Moana,Animation,Adventure,Comedy
15,Sonic the Hedgehog,Action,Adventure,Comedy
16,Fantastic Beasts and Where to Find Them,Adventure,Family,Fantasy
17,Toy Story,Animation,Adventure,Comedy
18,Pirates of the Caribbean: On Stranger Tides,Action,Adventure,Fantasy
19,Big Trouble in Little China,Action,Adventure,Comedy
20,The Little Mermaid,Adventure,Family,Fantasy
21,Pirates of the Caribbean: Dead Man's Chest,Action,Adventure,Fantasy
22,Roald Dahl's Matilda the Musical,Comedy,Drama,Family
23,Edward Scissorhands,Drama,Fantasy,Romance
24,Sen to Chihiro no kamikakushi,Animation,Adventure,Family
25,Scooby-Doo,Adventure,Comedy,Family
26,About Time,Comedy,Drama,Fantasy
27,Disenchanted,Animation,Adventure,Comedy
28,The Mummy,Action,Adventure,Fantasy
29,The Lord of the Rings: The Two Towers,Action,Adventure,Drama
30,The NeverEnding Story,Adventure,Drama,Family
31,The Green Knight,Adventure,Drama,Fantasy
32,The Flash,Action,Adventure,Fantasy
33,Willy Wonka &amp; the Chocolate Factory,Family,Fantasy,Musical
34,The Marvels,Action,Adventure,Fantasy
35,Mortal Engines,Action,Adventure,Fantasy
36,Harry Potter and the Goblet of Fire,Adventure,Family,Fantasy
37,The Mummy,Action,Adventure,Fantasy
38,Pirates of the Caribbean: At World's End,Action,Adventure,Fantasy
39,Harry Potter and the Deathly Hallows: Part 1,Adventure,Family,Fantasy
40,Aquaman,Action,Adventure,Fantasy
41,Willow,Action,Adventure,Drama
42,Charlie and the Chocolate Factory,Adventure,Comedy,Family
43,Ratatouille,Animation,Adventure,Comedy
44,Wonder Woman,Action,Adventure,Fantasy
45,Harry Potter and the Deathly Hallows: Part 2,Adventure,Fantasy,Mystery
46,The Lighthouse,Drama,Fantasy,Horror
47,Power Rangers,Action,Adventure,Fantasy
48,Meet Joe Black,Drama,Fantasy,Romance
49,Scott Pilgrim vs. the World,Action,Comedy,Fantasy
0,Hellboy,Action,Adventure,Fantasy
2,The Twilight Saga: Breaking Dawn - Part 2,Adventure,Drama,Fantasy
3,Chaos Walking,Action,Adventure,Fantasy
4,Jungle Cruise,Action,Adventure,Comedy
5,Toy Story 4,Animation,Adventure,Comedy
6,Jumanji: Welcome to the Jungle,Action,Adventure,Comedy
7,Beauty and the Beast,Adventure,Family,Fantasy
8,Luca,Animation,Adventure,Comedy
9,Doctor Sleep,Drama,Fantasy,Horror
10,Dracula,Drama,Fantasy,Horror
11,Lamb,Drama,Fantasy,Horror
12,Harry Potter and the Chamber of Secrets,Adventure,Family,Fantasy
13,Reign of Fire,Action,Adventure,Fantasy
14,Wonder Woman 1984,Action,Adventure,Fantasy
15,Matilda,Comedy,Family,Fantasy
16,De uskyldige,Drama,Fantasy,Horror
17,Frozen,Animation,Adventure,Comedy
18,The Wizard of Oz,Adventure,Family,Fantasy
19,Pinocchio,Adventure,Comedy,Drama
21,Harry Potter and the Prisoner of Azkaban,Adventure,Family,Fantasy
22,Conan the Barbarian,Action,Adventure,Fantasy
23,Tomb Raider,Action,Adventure,Fantasy
24,"Monsters, Inc.",Animation,Adventure,Comedy
25,Mine,Drama,Fantasy,Thriller
26,The Crow,Action,Crime,Drama
27,Mortal Kombat,Action,Adventure,Fantasy
28,Suspiria,Drama,Fantasy,Horror
29,Paddington 2,Adventure,Comedy,Family
30,The Curious Case of Benjamin Button,Drama,Fantasy,Romance
31,Raya and the Last Dragon,Animation,Action,Adventure
32,Hercules,Animation,Adventure,Comedy
33,The Legend of Tarzan,Action,Adventure,Drama
34,Tangled,Animation,Adventure,Comedy
35,Aladdin,Adventure,Comedy,Family
36,Shazam!,Action,Adventure,Comedy
37,Wonka,Adventure,Comedy,Family
38,"The Chronicles of Narnia: The Lion, the Witch and the Wardrobe",Adventure,Family,Fantasy
39,The Time Traveler's Wife,Comedy,Drama,Fantasy
40,Hauru no ugoku shiro,Animation,Adventure,Family
41,Soul,Animation,Adventure,Comedy
42,Interview with the Vampire: The Vampire Chronicles,Drama,Fantasy,Horror
43,Untitled Super Mario Project,Animation,Adventure,Comedy
44,Inside Out,Animation,Adventure,Comedy
45,Three Thousand Years of Longing,Drama,Fantasy,Romance
46,Aquaman and the Lost Kingdom,Action,Adventure,Fantasy
47,Palm Springs,Comedy,Fantasy,Mystery
48,Sausage Party,Animation,Adventure,Comedy
49,The Shape of Water,Drama,Fantasy,Romance
0,Shrek,Animation,Adventure,Comedy
1,Hook,Adventure,Comedy,Family
2,Coco,Animation,Adventure,Comedy
3,13 Going on 30,Comedy,Fantasy,Romance
4,Vanilla Sky,Fantasy,Mystery,Romance
5,Jumanji,Adventure,Comedy,Family
6,Labyrinth,Adventure,Family,Fantasy
7,Kimi no na wa.,Animation,Drama,Fantasy
8,King Arthur: Legend of the Sword,Action,Adventure,Drama
9,Strange World,Animation,Action,Adventure
10,The Mask,Action,Comedy,Crime
11,Toy Story 3,Animation,Adventure,Comedy
12,Dungeons &amp; Dragons: Honor Among Thieves,Action,Adventure,Fantasy
13,Alice in Wonderland,Adventure,Family,Fantasy
14,Big Fish,Adventure,Drama,Fantasy
15,Justice League,Action,Adventure,Fantasy
16,Fantastic Four,Action,Adventure,Fantasy
17,Harry Potter and the Order of the Phoenix,Action,Adventure,Family
18,Hotel Transylvania: Transformania,Animation,Adventure,Comedy
19,Dark Shadows,Comedy,Fantasy,Horror
20,Yesterday,Comedy,Fantasy,Music
21,Pan's Labyrinth,Drama,Fantasy,War
22,Love and Monsters,Action,Adventure,Comedy
23,A Bug's Life,Animation,Adventure,Comedy
24,Harry Potter and the Half-Blood Prince,Action,Adventure,Family
25,Sleepy Hollow,Fantasy,Horror,Mystery
26,Miss Peregrine's Home for Peculiar Children,Adventure,Drama,Family
27,Swiss Army Man,Comedy,Drama,Fantasy
28,Rebel Moon,Adventure,Drama,Fantasy
29,Samaritan,Action,Drama,Fantasy
30,Midnight in Paris,Comedy,Fantasy,Romance
31,Cinderella,Comedy,Family,Fantasy
33,Cinderella,Adventure,Drama,Family
34,Dogma,Adventure,Comedy,Drama
35,Godzilla: King of the Monsters,Action,Adventure,Fantasy
36,Guillermo del Toro's Pinocchio,Animation,Drama,Family
37,The Secret Life of Walter Mitty,Adventure,Comedy,Drama
38,Lilo &amp; Stitch,Animation,Adventure,Comedy
39,Stardust,Adventure,Family,Fantasy
40,Mary Poppins,Comedy,Family,Fantasy
41,Mulan,Action,Adventure,Drama
42,Death Note,Crime,Drama,Fantasy
43,Aladdin,Animation,Adventure,Comedy
44,Toy Story 2,Animation,Adventure,Comedy
45,It's a Wonderful Life,Drama,Family,Fantasy
46,Beauty and the Beast,Animation,Family,Fantasy
48,Rumble,Animation,Comedy,Family
49,Sorry to Bother You,Comedy,Drama,Fantasy
0,Enchanted,Animation,Adventure,Comedy
1,The Craft,Drama,Fantasy,Horror
2,Clifford the Big Red Dog,Animation,Adventure,Comedy
3,Coraline,Animation,Drama,Family
4,Snake Eyes: G.I. Joe Origins,Action,Adventure,Crime
5,Beetlejuice 2,Comedy,Fantasy,Horror
6,Ghost Rider,Action,Fantasy,Thriller
7,Sucker Punch,Action,Adventure,Fantasy
8,Disney's Snow White,Adventure,Drama,Family
9,Highlander,Action,Adventure,Fantasy
10,The Dead Don't Die,Comedy,Fantasy,Horror
11,Van Helsing,Action,Adventure,Fantasy
12,Cats,Comedy,Drama,Family
13,The Little Mermaid,Animation,Adventure,Comedy
14,How to Train Your Dragon,Animation,Action,Adventure
15,The King's Daughter,Action,Adventure,Family
16,Underworld: Evolution,Action,Fantasy,Thriller
17,Underworld: Rise of the Lycans,Action,Fantasy,Thriller
18,Percy Jackson &amp; the Olympians: The Lightning Thief,Adventure,Family,Fantasy
19,Batman Returns,Action,Crime,Fantasy
20,Night at the Museum,Adventure,Comedy,Family
21,Big,Comedy,Drama,Fantasy
22,Kung Fu Panda,Animation,Action,Adventure
23,Ghosts of Girlfriends Past,Comedy,Fantasy,Romance
24,Frozen II,Animation,Adventure,Comedy
25,Warcraft,Action,Adventure,Fantasy
26,Lara Croft: Tomb Raider,Action,Adventure,Fantasy
27,Conan the Barbarian,Action,Adventure,Fantasy
28,Monty Python and the Holy Grail,Adventure,Comedy,Fantasy
29,Valerian and the City of a Thousand Planets,Action,Adventure,Fantasy
30,Who Framed Roger Rabbit,Animation,Adventure,Comedy
31,Gremlins,Comedy,Fantasy,Horror
32,Gekijouban Jujutsu Kaisen 0,Animation,Action,Fantasy
33,Paddington,Adventure,Comedy,Family
34,The Last Airbender,Action,Adventure,Family
35,Groundhog Day,Comedy,Drama,Fantasy
36,Mononoke-hime,Animation,Adventure,Fantasy
37,Hancock,Action,Drama,Fantasy
38,Hellboy II: The Golden Army,Action,Adventure,Fantasy
39,Excalibur,Adventure,Drama,Fantasy
40,Gods of Egypt,Action,Adventure,Fantasy
41,Shallow Hal,Comedy,Drama,Fantasy
42,Practical Magic,Comedy,Drama,Fantasy
43,Underworld: Blood Wars,Action,Adventure,Fantasy
44,The School for Good and Evil,Action,Drama,Fantasy
45,Epic Movie,Adventure,Comedy,Fantasy
46,Spider-Man: Across the Spider-Verse,Animation,Action,Adventure
47,The Princess and the Frog,Animation,Adventure,Comedy
48,Perfume: The Story of a Murderer,Crime,Drama,Fantasy
49,Eight for Silver,Fantasy,Horror,Mystery
